Alpha,Algorithm,Content_Type,Category,Mean_Delay,Std_Delay,Median_Delay,Min_Delay,Max_Delay,P95_Delay,Sample_Count,Run_ID
0.25,LRU,satellite,I,1.0487825883962778,1.5102199167620685,0.001,0.001,3.229773,3.227634,5481,20260416_232910
0.25,LRU,satellite,II,0.0507169723679982,0.1210708618724577,0.001,0.001,0.34995,0.3464795,28011,20260416_232910
0.25,LRU,satellite,III,0.0087577403453689,0.0125106076888202,0.001,0.001,0.033073,0.03077955,6370,20260416_232910
0.25,LRU,UAV,II,0.278523649372862,0.0826838710737241,0.3434245,0.001,0.349672,0.34826695,1754,20260416_232910
0.25,LRU,UAV,III,0.0242632687582687,0.0057479599635478,0.026432,0.001,0.033087,0.031498,5291,20260416_232910
0.25,LRU,UAV,IV,0.530736948275862,0.1625207118520844,0.6632495,0.001,0.66984,0.66808875,1392,20260416_232910
0.25,LRU,grid,II,0.001,2.1684043449710093e-19,0.001,0.001,0.001,0.001,5416,20260416_232910
0.25,LRU,grid,III,0.001,4.336808689942019e-19,0.001,0.001,0.001,0.001,4046,20260416_232910
0.25,LRU,grid,IV,0.001,4.336808689942019e-19,0.001,0.001,0.001,0.001,3335,20260416_232910
0.25,Popularity,satellite,I,2.2125043930940635,1.4967912639196936,3.224211,0.001,3.229967,3.2283891,5879,20260416_233214
0.25,Popularity,satellite,II,0.3217803496162927,0.087269145489937,0.3452895,0.001,0.349956,0.34862585,27104,20260416_233214
0.25,Popularity,satellite,III,0.0286780968869123,0.0020661951875064,0.028698,0.001,0.033188,0.0318685,6296,20260416_233214
0.25,Popularity,UAV,II,0.2704838494301139,0.0837459943995504,0.342886,0.174013,0.349767,0.3481081,1667,20260416_233214
0.25,Popularity,UAV,III,0.0237713370292887,0.005350530069233,0.025278,0.001,0.033068,0.03135725,4780,20260416_233214
0.25,Popularity,UAV,IV,0.5118017608000001,0.1639250988644691,0.6625369999999999,0.334177,0.669915,0.6681452,1250,20260416_233214
0.25,Popularity,grid,II,0.001,0.0,0.001,0.001,0.001,0.001,5140,20260416_233214
0.25,Popularity,grid,III,0.001,4.336808689942019e-19,0.001,0.001,0.001,0.001,3797,20260416_233214
0.25,Popularity,grid,IV,0.001,4.336808689942019e-19,0.001,0.001,0.001,0.001,3131,20260416_233214
0.25,MAB_Original,satellite,I,2.5622630381194407,1.303349902358662,3.224722,0.001,3.229921,3.22850375,6296,20260417_012754
0.25,MAB_Original,satellite,II,0.0541290639856227,0.1244240661632139,0.001,0.001,0.349922,0.346561,29491,20260417_012754
0.25,MAB_Original,satellite,III,0.0052109822721229,0.0099864807803699,0.001,0.001,0.033061,0.0298221999999999,6769,20260417_012754
0.25,MAB_Original,UAV,II,0.2632849227144203,0.0989156302978082,0.342885,0.001,0.349778,0.3481987,2122,20260417_012754
0.25,MAB_Original,UAV,III,0.0211753891402714,0.0096412787561403,0.0249805,0.001,0.033156,0.0312998,7072,20260417_012754
0.25,MAB_Original,UAV,IV,0.5216981503941783,0.1742103909369168,0.663106,0.001,0.669837,0.6682228,1649,20260417_012754
0.25,MAB_Original,grid,II,0.001,2.1684043449710093e-19,0.001,0.001,0.001,0.001,5853,20260417_012754
0.25,MAB_Original,grid,III,0.001,4.336808689942019e-19,0.001,0.001,0.001,0.001,4026,20260417_012754
0.25,MAB_Original,grid,IV,0.001,4.336808689942019e-19,0.001,0.001,0.001,0.001,3127,20260417_012754
0.25,MAB_Contextual,satellite,I,1.5349796220498988,1.6103542708436254,0.001,0.001,3.229805,3.2280499,5932,20260417_013106
0.25,MAB_Contextual,satellite,II,0.0036657457579875,0.0301933789818459,0.001,0.001,0.349979,0.001,28701,20260417_013106
0.25,MAB_Contextual,satellite,III,0.0026212224802601,0.0065275673989551,0.001,0.001,0.033011,0.0267630999999999,6459,20260417_013106
0.25,MAB_Contextual,UAV,II,0.1951888692679002,0.1418441865959538,0.1775945,0.001,0.349804,0.34766,2486,20260417_013106
0.25,MAB_Contextual,UAV,III,0.0153305853889943,0.0121369654757578,0.018379,0.001,0.033039,0.0309218,8432,20260417_013106
0.25,MAB_Contextual,UAV,IV,0.4130083897849462,0.2624405581442793,0.338571,0.001,0.669855,0.6680555499999999,1860,20260417_013106
0.25,MAB_Contextual,grid,II,0.001,0.0,0.001,0.001,0.001,0.001,4637,20260417_013106
0.25,MAB_Contextual,grid,III,0.001,2.1684043449710093e-19,0.001,0.001,0.001,0.001,3265,20260417_013106
0.25,MAB_Contextual,grid,IV,0.001,2.1684043449710093e-19,0.001,0.001,0.001,0.001,2770,20260417_013106
0.25,MAB_Contextual_EnergyAware,satellite,I,1.4049502739652393,1.598721935251753,0.001,0.001,3.229948,3.227973,5581,20260417_024340
0.25,MAB_Contextual_EnergyAware,satellite,II,0.0069226242868185,0.0447835072033554,0.001,0.001,0.349628,0.001,27167,20260417_024340
0.25,MAB_Contextual_EnergyAware,satellite,III,0.0030544764279967,0.0072599661641188,0.001,0.001,0.033025,0.0275547999999999,6215,20260417_024340
0.25,MAB_Contextual_EnergyAware,UAV,II,0.221518299085764,0.1352804931657458,0.178947,0.001,0.349935,0.3481298,2297,20260417_024340
0.25,MAB_Contextual_EnergyAware,UAV,III,0.0166201363636363,0.0119591447275368,0.018885,0.001,0.03309,0.0310269499999999,7788,20260417_024340
0.25,MAB_Contextual_EnergyAware,UAV,IV,0.3929671713106295,0.2739506208759084,0.3381125,0.001,0.669926,0.66803205,1938,20260417_024340
0.25,MAB_Contextual_EnergyAware,grid,II,0.001,0.0,0.001,0.001,0.001,0.001,4961,20260417_024340
0.25,MAB_Contextual_EnergyAware,grid,III,0.001,4.336808689942019e-19,0.001,0.001,0.001,0.001,3595,20260417_024340
0.25,MAB_Contextual_EnergyAware,grid,IV,0.001,2.1684043449710093e-19,0.001,0.001,0.001,0.001,3077,20260417_024340
0.25,Federated_MAB_EnergyAware,satellite,I,1.5550930479579734,1.611239480803604,0.001,0.001,3.22987,3.228153,5901,20260417_045323
0.25,Federated_MAB_EnergyAware,satellite,II,0.0093987447432762,0.0531305771614131,0.001,0.001,0.349981,0.001,28630,20260417_045323
0.25,Federated_MAB_EnergyAware,satellite,III,0.0018835958541382,0.0048777816135141,0.001,0.001,0.032965,0.001,6609,20260417_045323
0.25,Federated_MAB_EnergyAware,UAV,II,0.1960942193521934,0.1434533546805668,0.17776,0.001,0.349769,0.3478758,2439,20260417_045323
0.25,Federated_MAB_EnergyAware,UAV,III,0.0140459839167455,0.0121777545275681,0.0175665,0.001,0.033023,0.03085525,8456,20260417_045323
0.25,Federated_MAB_EnergyAware,UAV,IV,0.3404324551792829,0.2833391719803651,0.3372015,0.001,0.669741,0.6678999,2008,20260417_045323
0.25,Federated_MAB_EnergyAware,grid,II,0.001,0.0,0.001,0.001,0.001,0.001,5313,20260417_045323
0.25,Federated_MAB_EnergyAware,grid,III,0.001,4.336808689942019e-19,0.001,0.001,0.001,0.001,3896,20260417_045323
0.25,Federated_MAB_EnergyAware,grid,IV,0.001,4.336808689942019e-19,0.001,0.001,0.001,0.001,3103,20260417_045323
0.25,Enhanced_Federated_MAB,satellite,I,3.2172931307588075,0.1623348220644656,3.2254915,0.001,3.229952,3.2286747,5904,20260417_062849
0.25,Enhanced_Federated_MAB,satellite,II,0.001,4.336808689942019e-19,0.001,0.001,0.001,0.001,26960,20260417_062849
0.25,Enhanced_Federated_MAB,satellite,III,0.001,4.336808689942019e-19,0.001,0.001,0.001,0.001,6348,20260417_062849
0.25,Enhanced_Federated_MAB,UAV,II,0.1687866640429338,0.148870148661875,0.176709,0.001,0.349942,0.3476663,2795,20260417_062849
0.25,Enhanced_Federated_MAB,UAV,III,0.0139374931917551,0.0123693671029495,0.017576,0.001,0.033128,0.0308708,8005,20260417_062849
0.25,Enhanced_Federated_MAB,UAV,IV,0.3014882950209399,0.2885567592966946,0.336376,0.001,0.669891,0.6675082,2149,20260417_062849
0.25,Enhanced_Federated_MAB,grid,II,0.001,2.1684043449710093e-19,0.001,0.001,0.001,0.001,4460,20260417_062849
0.25,Enhanced_Federated_MAB,grid,III,0.001,2.1684043449710093e-19,0.001,0.001,0.001,0.001,3192,20260417_062849
0.25,Enhanced_Federated_MAB,grid,IV,0.001,2.1684043449710093e-19,0.001,0.001,0.001,0.001,2536,20260417_062849
0.25,Enhanced_Federated_MAB_EnergyAware,satellite,I,1.516780230650155,1.6093941392985278,0.001,0.001,3.229942,3.22805975,5814,20260417_063151
0.25,Enhanced_Federated_MAB_EnergyAware,satellite,II,0.0026054625913313,0.0234597465105625,0.001,0.001,0.349478,0.001,30247,20260417_063151
0.25,Enhanced_Federated_MAB_EnergyAware,satellite,III,0.002050065729047,0.005325780959155,0.001,0.001,0.033011,0.001,6968,20260417_063151
0.25,Enhanced_Federated_MAB_EnergyAware,UAV,II,0.2238148997830802,0.1356687137709714,0.179582,0.001,0.349979,0.3480992,2305,20260417_063151
0.25,Enhanced_Federated_MAB_EnergyAware,UAV,III,0.0150181880416895,0.0123956822130047,0.018255,0.001,0.033051,0.03089,9115,20260417_063151
0.25,Enhanced_Federated_MAB_EnergyAware,UAV,IV,0.3637773190433213,0.2879768112879061,0.337474,0.001,0.669769,0.667887,2216,20260417_063151
0.25,Enhanced_Federated_MAB_EnergyAware,grid,II,0.001,2.1684043449710093e-19,0.001,0.001,0.001,0.001,5430,20260417_063151
0.25,Enhanced_Federated_MAB_EnergyAware,grid,III,0.001,4.336808689942019e-19,0.001,0.001,0.001,0.001,3973,20260417_063151
0.25,Enhanced_Federated_MAB_EnergyAware,grid,IV,0.001,4.336808689942019e-19,0.001,0.001,0.001,0.001,3119,20260417_063151
0.5,LRU,satellite,I,1.0938364669287302,1.52629041034387,0.001,0.001,3.229814,3.2277525,5851,20260417_064528
0.5,LRU,satellite,II,0.0685377795700716,0.1367755569886425,0.001,0.001,0.349928,0.347011,30005,20260417_064528
0.5,LRU,satellite,III,0.0099077032549992,0.0129803676596178,0.001,0.001,0.033117,0.030872,6851,20260417_064528
0.5,LRU,UAV,II,0.2790063788819876,0.082398532651576,0.3435085,0.174173,0.349941,0.3482798,1932,20260417_064528
0.5,LRU,UAV,III,0.0238999091361299,0.0062692708713639,0.02628,0.001,0.033165,0.031348,6031,20260417_064528
0.5,LRU,UAV,IV,0.5309756813114754,0.1619570727276346,0.663207,0.001,0.669915,0.6682973999999999,1525,20260417_064528
0.5,LRU,grid,II,0.001,2.1684043449710093e-19,0.001,0.001,0.001,0.001,5430,20260417_064528
0.5,LRU,grid,III,0.001,4.336808689942019e-19,0.001,0.001,0.001,0.001,3749,20260417_064528
0.5,LRU,grid,IV,0.001,2.1684043449710093e-19,0.001,0.001,0.001,0.001,3124,20260417_064528
0.5,Popularity,satellite,I,2.298939966889689,1.459194268449305,3.224314,0.001,3.229975,3.2284616,5829,20260417_064831
0.5,Popularity,satellite,II,0.3216447830711354,0.0874844432686443,0.345287,0.001,0.349978,0.3485910499999999,29240,20260417_064831
0.5,Popularity,satellite,III,0.0286717620210654,0.0023044163952964,0.028721,0.001,0.033112,0.031895,6551,20260417_064831
0.5,Popularity,UAV,II,0.2866952534491568,0.0803121441492182,0.343792,0.174065,0.349851,0.3483592,1957,20260417_064831
0.5,Popularity,UAV,III,0.0254723555753791,0.0049779022561498,0.027243,0.015696,0.03302,0.0315426,5605,20260417_064831
0.5,Popularity,UAV,IV,0.5568933535620053,0.1544673862993694,0.6638755000000001,0.334296,0.669959,0.668343,1516,20260417_064831
0.5,Popularity,grid,II,0.001,2.1684043449710093e-19,0.001,0.001,0.001,0.001,5411,20260417_064831
0.5,Popularity,grid,III,0.001,4.336808689942019e-19,0.001,0.001,0.001,0.001,3820,20260417_064831
0.5,Popularity,grid,IV,0.001,2.1684043449710093e-19,0.001,0.001,0.001,0.001,3232,20260417_064831
0.5,MAB_Original,satellite,I,2.598348318072289,1.2762827067972158,3.2247905,0.001,3.229928,3.228461,5810,20260417_082047
0.5,MAB_Original,satellite,II,0.0603969077015601,0.1301446304249005,0.001,0.001,0.349912,0.3468384,28267,20260417_082047
0.5,MAB_Original,satellite,III,0.0056709245169082,0.0103962687369993,0.001,0.001,0.033119,0.0298672499999999,6624,20260417_082047
0.5,MAB_Original,UAV,II,0.2742263067729083,0.0954235973830343,0.343589,0.001,0.34984,0.3481831999999999,1757,20260417_082047
0.5,MAB_Original,UAV,III,0.0241549967525877,0.0065048901712819,0.026652,0.001,0.033064,0.0313777,4927,20260417_082047
0.5,MAB_Original,UAV,IV,0.5137942272727273,0.1931006938779017,0.6631045,0.001,0.669797,0.6682956,1320,20260417_082047
0.5,MAB_Original,grid,II,0.001,2.1684043449710093e-19,0.001,0.001,0.001,0.001,4992,20260417_082047
0.5,MAB_Original,grid,III,0.001,4.336808689942019e-19,0.001,0.001,0.001,0.001,3600,20260417_082047
0.5,MAB_Original,grid,IV,0.001,2.1684043449710093e-19,0.001,0.001,0.001,0.001,3104,20260417_082047
0.5,MAB_Contextual,satellite,I,1.5930308460495086,1.6121329146395598,0.001,0.001,3.229868,3.2280406,5898,20260417_082346
0.5,MAB_Contextual,satellite,II,0.0034310832564739,0.0288328928196926,0.001,0.001,0.349598,0.001,28190,20260417_082346
0.5,MAB_Contextual,satellite,III,0.0032918061881576,0.0076512518089657,0.001,0.001,0.0331,0.0281838999999999,6367,20260417_082346
0.5,MAB_Contextual,UAV,II,0.2032901987577639,0.1354821353360416,0.177778,0.001,0.349972,0.3478588,2415,20260417_082346
0.5,MAB_Contextual,UAV,III,0.0160917183014354,0.0113971639827718,0.0186145,0.001,0.033059,0.030987,8360,20260417_082346
0.5,MAB_Contextual,UAV,IV,0.3850427557788944,0.2564422177288582,0.3375975,0.001,0.669754,0.66782995,1990,20260417_082346
0.5,MAB_Contextual,grid,II,0.001,4.336808689942019e-19,0.001,0.001,0.001,0.001,6174,20260417_082346
0.5,MAB_Contextual,grid,III,0.001,2.1684043449710093e-19,0.001,0.001,0.001,0.001,4238,20260417_082346
0.5,MAB_Contextual,grid,IV,0.001,4.336808689942019e-19,0.001,0.001,0.001,0.001,3383,20260417_082346
0.5,MAB_Contextual_EnergyAware,satellite,I,1.6132563640040445,1.6122569625633745,1.611076,0.001,3.229974,3.2281404,5934,20260417_094504
0.5,MAB_Contextual_EnergyAware,satellite,II,0.002330026274578,0.0213584916856952,0.001,0.001,0.349609,0.001,28735,20260417_094504
0.5,MAB_Contextual_EnergyAware,satellite,III,0.0017469646317084,0.0044787769984099,0.001,0.001,0.032931,0.001,6503,20260417_094504
0.5,MAB_Contextual_EnergyAware,UAV,II,0.2087330217138425,0.1405975629853086,0.178217,0.001,0.349856,0.3480573,2579,20260417_094504
0.5,MAB_Contextual_EnergyAware,UAV,III,0.0156779030716723,0.0121118283465923,0.018541,0.001,0.033089,0.0310171999999999,8790,20260417_094504
0.5,MAB_Contextual_EnergyAware,UAV,IV,0.3840226371008616,0.274944936921402,0.337982,0.001,0.669897,0.6679624,1973,20260417_094504
0.5,MAB_Contextual_EnergyAware,grid,II,0.001,4.336808689942019e-19,0.001,0.001,0.001,0.001,5599,20260417_094504
0.5,MAB_Contextual_EnergyAware,grid,III,0.001,4.336808689942019e-19,0.001,0.001,0.001,0.001,3968,20260417_094504
0.5,MAB_Contextual_EnergyAware,grid,IV,0.001,2.1684043449710093e-19,0.001,0.001,0.001,0.001,3197,20260417_094504
0.5,Federated_MAB_EnergyAware,satellite,I,1.4306991560234723,1.6018712605381256,0.001,0.001,3.229946,3.2279624,5794,20260417_111046
0.5,Federated_MAB_EnergyAware,satellite,II,0.0032166678473326,0.0275476017506424,0.001,0.001,0.349653,0.001,27668,20260417_111046
0.5,Federated_MAB_EnergyAware,satellite,III,0.0039945305732484,0.0086310344650547,0.001,0.001,0.033025,0.0290448499999999,6280,20260417_111046
0.5,Federated_MAB_EnergyAware,UAV,II,0.2111193958652373,0.1393093245371975,0.1783705,0.001,0.349859,0.3482253999999999,2612,20260417_111046
0.5,Federated_MAB_EnergyAware,UAV,III,0.0177040881798769,0.0118462545008239,0.019534,0.001,0.033106,0.031214,7961,20260417_111046
0.5,Federated_MAB_EnergyAware,UAV,IV,0.4175048155190133,0.2684610180099864,0.3389784999999999,0.001,0.669809,0.66807275,1946,20260417_111046
0.5,Federated_MAB_EnergyAware,grid,II,0.001,0.0,0.001,0.001,0.001,0.001,4801,20260417_111046
0.5,Federated_MAB_EnergyAware,grid,III,0.001,2.1684043449710093e-19,0.001,0.001,0.001,0.001,3441,20260417_111046
0.5,Federated_MAB_EnergyAware,grid,IV,0.001,2.1684043449710093e-19,0.001,0.001,0.001,0.001,2836,20260417_111046
0.5,Enhanced_Federated_MAB,satellite,I,3.2180429219681908,0.1551261895250893,3.225524,0.001,3.229938,3.228724,6036,20260417_124010
0.5,Enhanced_Federated_MAB,satellite,II,0.001,4.336808689942019e-19,0.001,0.001,0.001,0.001,29110,20260417_124010
0.5,Enhanced_Federated_MAB,satellite,III,0.001,4.336808689942019e-19,0.001,0.001,0.001,0.001,6671,20260417_124010
0.5,Enhanced_Federated_MAB,UAV,II,0.1868512383065892,0.146980535541472,0.177482,0.001,0.349807,0.3479975999999999,2929,20260417_124010
0.5,Enhanced_Federated_MAB,UAV,III,0.0164492399642178,0.012051923352205,0.018879,0.001,0.033109,0.0310589,8943,20260417_124010
0.5,Enhanced_Federated_MAB,UAV,IV,0.3610825217937972,0.2840673399133585,0.3374525,0.001,0.66983,0.66784,2386,20260417_124010
0.5,Enhanced_Federated_MAB,grid,II,0.001,2.1684043449710093e-19,0.001,0.001,0.001,0.001,5369,20260417_124010
0.5,Enhanced_Federated_MAB,grid,III,0.001,4.336808689942019e-19,0.001,0.001,0.001,0.001,3694,20260417_124010
0.5,Enhanced_Federated_MAB,grid,IV,0.001,2.1684043449710093e-19,0.001,0.001,0.001,0.001,3011,20260417_124010
0.5,Enhanced_Federated_MAB_EnergyAware,satellite,I,1.7702256234144669,1.6045970150916182,3.222838,0.001,3.229886,3.2280997,5834,20260417_124323
0.5,Enhanced_Federated_MAB_EnergyAware,satellite,II,0.0022271666854206,0.0205216208218543,0.001,0.001,0.349332,0.001,26661,20260417_124323
0.5,Enhanced_Federated_MAB_EnergyAware,satellite,III,0.0028464434202161,0.0069308971586777,0.001,0.001,0.0329,0.0272272999999999,6292,20260417_124323
0.5,Enhanced_Federated_MAB_EnergyAware,UAV,II,0.2131032785306704,0.1402400971732316,0.1785225,0.001,0.349829,0.34815,2804,20260417_124323
0.5,Enhanced_Federated_MAB_EnergyAware,UAV,III,0.0174517154034229,0.0119077329823175,0.019408,0.001,0.033076,0.0311240499999999,8180,20260417_124323
0.5,Enhanced_Federated_MAB_EnergyAware,UAV,IV,0.4167844273504273,0.2665644881580226,0.338852,0.001,0.669731,0.6681304,1989,20260417_124323
0.5,Enhanced_Federated_MAB_EnergyAware,grid,II,0.001,0.0,0.001,0.001,0.001,0.001,4711,20260417_124323
0.5,Enhanced_Federated_MAB_EnergyAware,grid,III,0.001,4.336808689942019e-19,0.001,0.001,0.001,0.001,3275,20260417_124323
0.5,Enhanced_Federated_MAB_EnergyAware,grid,IV,0.001,2.1684043449710093e-19,0.001,0.001,0.001,0.001,2703,20260417_124323
1.0,LRU,satellite,I,1.1684671725510558,1.5496785665609734,0.001,0.001,3.229935,3.227769,5778,20260417_125331
1.0,LRU,satellite,II,0.0875047307516603,0.1493892965585687,0.001,0.001,0.349868,0.347336,28457,20260417_125331
1.0,LRU,satellite,III,0.0109830431531391,0.0133381207756328,0.001,0.001,0.033059,0.0309857999999999,6419,20260417_125331
1.0,LRU,UAV,II,0.2713652859618717,0.0839190679179876,0.343098,0.001,0.349925,0.3482555,1731,20260417_125331
1.0,LRU,UAV,III,0.0231884016587677,0.0060721847907082,0.0209099999999999,0.001,0.033056,0.031298,5064,20260417_125331
1.0,LRU,UAV,IV,0.5080082117384844,0.1645522845204509,0.662118,0.001,0.669972,0.668076,1346,20260417_125331
1.0,LRU,grid,II,0.001,2.1684043449710093e-19,0.001,0.001,0.001,0.001,5341,20260417_125331
1.0,LRU,grid,III,0.001,4.336808689942019e-19,0.001,0.001,0.001,0.001,3915,20260417_125331
1.0,LRU,grid,IV,0.001,2.1684043449710093e-19,0.001,0.001,0.001,0.001,3240,20260417_125331
1.0,Popularity,satellite,I,2.256956626519882,1.4781424013157047,3.224159,0.001,3.229883,3.22834725,6086,20260417_125630
1.0,Popularity,satellite,II,0.3203373611253546,0.0896444176184869,0.345259,0.001,0.349965,0.3485824,29253,20260417_125630
1.0,Popularity,satellite,III,0.0286866489313324,0.0020116236530545,0.028755,0.013389,0.033145,0.0318082,6597,20260417_125630
1.0,Popularity,UAV,II,0.2738645182408796,0.0832896349379125,0.343177,0.174089,0.349928,0.348136,2001,20260417_125630
1.0,Popularity,UAV,III,0.0242481459270364,0.0052748004223174,0.026087,0.01363,0.03315,0.0314169,6003,20260417_125630
1.0,Popularity,UAV,IV,0.5208353970110461,0.1631530424764289,0.663074,0.334215,0.669844,0.6683920999999999,1539,20260417_125630
1.0,Popularity,grid,II,0.001,4.336808689942019e-19,0.001,0.001,0.001,0.001,7428,20260417_125630
1.0,Popularity,grid,III,0.001,2.1684043449710093e-19,0.001,0.001,0.001,0.001,4949,20260417_125630
1.0,Popularity,grid,IV,0.001,4.336808689942019e-19,0.001,0.001,0.001,0.001,3910,20260417_125630
1.0,MAB_Original,satellite,I,1.901029325543655,1.586329655980674,3.223271,0.001,3.229962,3.2281817,6162,20260417_145413
1.0,MAB_Original,satellite,II,0.0789568762271346,0.1441528318246555,0.001,0.001,0.349859,0.3471651999999999,28318,20260417_145413
1.0,MAB_Original,satellite,III,0.0072481853078428,0.0116239658271839,0.001,0.001,0.033006,0.0304133999999999,6643,20260417_145413
1.0,MAB_Original,UAV,II,0.2827074780814853,0.0841338755328451,0.343775,0.001,0.349858,0.3484123,1939,20260417_145413
1.0,MAB_Original,UAV,III,0.0244055262962274,0.006286369866793,0.026847,0.001,0.033112,0.031442,5381,20260417_145413
1.0,MAB_Original,UAV,IV,0.5383351467128028,0.173470323005436,0.66372,0.001,0.669758,0.6683239999999999,1445,20260417_145413
1.0,MAB_Original,grid,II,0.001,2.1684043449710093e-19,0.001,0.001,0.001,0.001,4920,20260417_145413
1.0,MAB_Original,grid,III,0.001,4.336808689942019e-19,0.001,0.001,0.001,0.001,3472,20260417_145413
1.0,MAB_Original,grid,IV,0.001,2.1684043449710093e-19,0.001,0.001,0.001,0.001,2803,20260417_145413
1.0,MAB_Contextual,satellite,I,1.3631601945641367,1.592739642324419,0.001,0.001,3.229955,3.22791405,6034,20260417_145721
1.0,MAB_Contextual,satellite,II,0.0057805138168948,0.0403090030912306,0.001,0.001,0.349754,0.001,27973,20260417_145721
1.0,MAB_Contextual,satellite,III,0.0025167334358186,0.0063119520407526,0.001,0.001,0.033088,0.0261861999999999,6505,20260417_145721
1.0,MAB_Contextual,UAV,II,0.214416907856849,0.1372519172888397,0.178379,0.001,0.349881,0.3480755,2431,20260417_145721
1.0,MAB_Contextual,UAV,III,0.0149744172297297,0.0121475270180537,0.018178,0.001,0.033144,0.03086425,8288,20260417_145721
1.0,MAB_Contextual,UAV,IV,0.3993021814278046,0.2687030712600476,0.338226,0.001,0.669743,0.6679468,1863,20260417_145721
1.0,MAB_Contextual,grid,II,0.001,4.336808689942019e-19,0.001,0.001,0.001,0.001,5663,20260417_145721
1.0,MAB_Contextual,grid,III,0.001,4.336808689942019e-19,0.001,0.001,0.001,0.001,3853,20260417_145721
1.0,MAB_Contextual,grid,IV,0.001,4.336808689942019e-19,0.001,0.001,0.001,0.001,3211,20260417_145721
1.0,MAB_Contextual_EnergyAware,satellite,I,1.846687115983394,1.595269692028971,3.22315,0.001,3.229616,3.2283097,3854,20260417_162727
1.0,MAB_Contextual_EnergyAware,satellite,II,0.0030914539390661,0.0267647163404004,0.001,0.001,0.349156,0.001,16641,20260417_162727
1.0,MAB_Contextual_EnergyAware,satellite,III,0.0025194905225409,0.0063168730094268,0.001,0.001,0.032782,0.0257247499999999,3904,20260417_162727
1.0,MAB_Contextual_EnergyAware,UAV,II,0.1949205458221024,0.1446108183126531,0.177827,0.001,0.349759,0.3479156499999999,1484,20260417_162727
1.0,MAB_Contextual_EnergyAware,UAV,III,0.0135888545224541,0.0121549120988099,0.017419,0.001,0.033186,0.0307239,4743,20260417_162727
1.0,MAB_Contextual_EnergyAware,UAV,IV,0.3406510996376811,0.2818747870353979,0.33721,0.001,0.669586,0.667714,1104,20260417_162727
1.0,MAB_Contextual_EnergyAware,grid,II,0.001,2.1684043449710093e-19,0.001,0.001,0.001,0.001,2617,20260417_162727
1.0,MAB_Contextual_EnergyAware,grid,III,0.001,2.1684043449710093e-19,0.001,0.001,0.001,0.001,1837,20260417_162727
1.0,MAB_Contextual_EnergyAware,grid,IV,0.001,2.1684043449710093e-19,0.001,0.001,0.001,0.001,1562,20260417_162727
1.0,Federated_MAB_EnergyAware,satellite,I,1.6418798860473207,1.61201642557331,3.221765,0.001,3.229894,3.2281953,5748,20260417_175841
1.0,Federated_MAB_EnergyAware,satellite,II,0.0033743090652415,0.0285046582389013,0.001,0.001,0.349802,0.001,29751,20260417_175841
1.0,Federated_MAB_EnergyAware,satellite,III,0.0018972418756492,0.0048884062101287,0.001,0.001,0.032915,0.001,6739,20260417_175841
1.0,Federated_MAB_EnergyAware,UAV,II,0.223165567699115,0.1336249938355763,0.179016,0.001,0.34984,0.34823615,2260,20260417_175841
1.0,Federated_MAB_EnergyAware,UAV,III,0.0153817754941599,0.0120275614365355,0.01838,0.001,0.033102,0.03088055,8904,20260417_175841
1.0,Federated_MAB_EnergyAware,UAV,IV,0.3561667271010387,0.2770526412515822,0.337356,0.001,0.669555,0.66772075,2118,20260417_175841
1.0,Federated_MAB_EnergyAware,grid,II,0.001,0.0,0.001,0.001,0.001,0.001,4532,20260417_175841
1.0,Federated_MAB_EnergyAware,grid,III,0.001,4.336808689942019e-19,0.001,0.001,0.001,0.001,3291,20260417_175841
1.0,Federated_MAB_EnergyAware,grid,IV,0.001,2.1684043449710093e-19,0.001,0.001,0.001,0.001,2656,20260417_175841
1.0,Enhanced_Federated_MAB,satellite,I,3.21723444242632,0.1632768856977073,3.225538,0.001,3.229956,3.228647,5836,20260417_190602
1.0,Enhanced_Federated_MAB,satellite,II,0.001,4.336808689942019e-19,0.001,0.001,0.001,0.001,28143,20260417_190602
1.0,Enhanced_Federated_MAB,satellite,III,0.001,2.1684043449710093e-19,0.001,0.001,0.001,0.001,6389,20260417_190602
1.0,Enhanced_Federated_MAB,UAV,II,0.1721257779702112,0.1480707060168576,0.176817,0.001,0.349869,0.3477937,2887,20260417_190602
1.0,Enhanced_Federated_MAB,UAV,III,0.0150580478240076,0.011906943395104,0.0182384999999999,0.001,0.033133,0.0308388499999999,8364,20260417_190602
1.0,Enhanced_Federated_MAB,UAV,IV,0.3325855223336372,0.2809584874214551,0.33704,0.001,0.669783,0.66784535,2194,20260417_190602
1.0,Enhanced_Federated_MAB,grid,II,0.001,2.1684043449710093e-19,0.001,0.001,0.001,0.001,4830,20260417_190602
1.0,Enhanced_Federated_MAB,grid,III,0.001,4.336808689942019e-19,0.001,0.001,0.001,0.001,3478,20260417_190602
1.0,Enhanced_Federated_MAB,grid,IV,0.001,4.336808689942019e-19,0.001,0.001,0.001,0.001,2878,20260417_190602
1.0,Enhanced_Federated_MAB_EnergyAware,satellite,I,1.5928103076791222,1.6121315221277712,0.001,0.001,3.229864,3.2281081,5834,20260417_190913
1.0,Enhanced_Federated_MAB_EnergyAware,satellite,II,0.0053272863299368,0.0383639053585747,0.001,0.001,0.34998,0.001,27381,20260417_190913
1.0,Enhanced_Federated_MAB_EnergyAware,satellite,III,0.002219468228498,0.0057003427937217,0.001,0.001,0.033022,0.001,6232,20260417_190913
1.0,Enhanced_Federated_MAB_EnergyAware,UAV,II,0.2154332886963371,0.1393707913574758,0.178816,0.001,0.349913,0.348008,2539,20260417_190913
1.0,Enhanced_Federated_MAB_EnergyAware,UAV,III,0.015815988372093,0.0123424746946604,0.0186645,0.001,0.033156,0.0310459,8342,20260417_190913
1.0,Enhanced_Federated_MAB_EnergyAware,UAV,IV,0.3593940327783559,0.2853421474081853,0.3373795,0.001,0.669779,0.6678216,1922,20260417_190913
1.0,Enhanced_Federated_MAB_EnergyAware,grid,II,0.001,2.1684043449710093e-19,0.001,0.001,0.001,0.001,5175,20260417_190913
1.0,Enhanced_Federated_MAB_EnergyAware,grid,III,0.001,4.336808689942019e-19,0.001,0.001,0.001,0.001,3655,20260417_190913
1.0,Enhanced_Federated_MAB_EnergyAware,grid,IV,0.001,4.336808689942019e-19,0.001,0.001,0.001,0.001,3083,20260417_190913
2.0,LRU,satellite,I,1.139027922889044,1.5409321405989085,0.001,0.001,3.229817,3.22777165,5732,20260417_192017
2.0,LRU,satellite,II,0.0785595060722637,0.1438951619023819,0.001,0.001,0.349944,0.3472203499999999,26514,20260417_192017
2.0,LRU,satellite,III,0.0107925528598971,0.0132951833586311,0.001,0.001,0.033078,0.0309663999999999,6224,20260417_192017
2.0,LRU,UAV,II,0.2783248717504332,0.0829987272345306,0.343493,0.001,0.349875,0.348222,1731,20260417_192017
2.0,LRU,UAV,III,0.0242076421293408,0.005855148748596,0.026337,0.001,0.033116,0.0314761999999999,4809,20260417_192017
2.0,LRU,UAV,IV,0.533479256895193,0.1621030051233981,0.663189,0.001,0.669713,0.6683724,1269,20260417_192017
2.0,LRU,grid,II,0.001,2.1684043449710093e-19,0.001,0.001,0.001,0.001,4393,20260417_192017
2.0,LRU,grid,III,0.001,2.1684043449710093e-19,0.001,0.001,0.001,0.001,3218,20260417_192017
2.0,LRU,grid,IV,0.001,2.1684043449710093e-19,0.001,0.001,0.001,0.001,2677,20260417_192017
2.0,Popularity,satellite,I,2.2369898125812746,1.4867245072561892,3.224206,0.001,3.229927,3.2284388,6152,20260417_192313
2.0,Popularity,satellite,II,0.3200153028931518,0.0901443237858569,0.345251,0.001,0.349952,0.348583,28723,20260417_192313
2.0,Popularity,satellite,III,0.0286341727490278,0.0021337582035962,0.028644,0.001,0.033114,0.0318955,6686,20260417_192313
2.0,Popularity,UAV,II,0.270671796410544,0.0837821728698848,0.342902,0.174021,0.349878,0.3481647,1783,20260417_192313
2.0,Popularity,UAV,III,0.0237517510788544,0.0053206677050538,0.0249935,0.013523,0.033127,0.03136045,5098,20260417_192313
2.0,Popularity,UAV,IV,0.5224244307142858,0.1629112320029076,0.6629959999999999,0.334246,0.669825,0.6682762,1400,20260417_192313
2.0,Popularity,grid,II,0.001,2.1684043449710093e-19,0.001,0.001,0.001,0.001,4226,20260417_192313
2.0,Popularity,grid,III,0.001,2.1684043449710093e-19,0.001,0.001,0.001,0.001,3193,20260417_192313
2.0,Popularity,grid,IV,0.001,2.1684043449710093e-19,0.001,0.001,0.001,0.001,2424,20260417_192313
2.0,MAB_Original,satellite,I,1.757273567125196,1.605812430261191,3.222632,0.001,3.229908,3.2281817,5743,20260417_203024
2.0,MAB_Original,satellite,II,0.2567141817659521,0.1506962964308339,0.344487,0.001,0.349955,0.3484685999999999,27849,20260417_203024
2.0,MAB_Original,satellite,III,0.021750146137787,0.0120859711592496,0.027688,0.001,0.033184,0.031567,6227,20260417_203024
2.0,MAB_Original,UAV,II,0.2752822379438261,0.0842544116164124,0.343338,0.001,0.349823,0.3481451,1887,20260417_203024
2.0,MAB_Original,UAV,III,0.024417655455011,0.0054340922211067,0.026501,0.001,0.033104,0.0313632,5857,20260417_203024
2.0,MAB_Original,UAV,IV,0.5255884855570839,0.1657101624140963,0.6632395,0.001,0.669942,0.6682787,1454,20260417_203024
2.0,MAB_Original,grid,II,0.001,2.1684043449710093e-19,0.001,0.001,0.001,0.001,5441,20260417_203024
2.0,MAB_Original,grid,III,0.001,4.336808689942019e-19,0.001,0.001,0.001,0.001,3732,20260417_203024
2.0,MAB_Original,grid,IV,0.001,2.1684043449710093e-19,0.001,0.001,0.001,0.001,3108,20260417_203024
2.0,MAB_Contextual,satellite,I,1.397153186153846,1.5976746524288277,0.001,0.001,3.229867,3.22778975,5850,20260417_203324
2.0,MAB_Contextual,satellite,II,0.0027754159275751,0.0246712289830585,0.001,0.001,0.349763,0.001,27173,20260417_203324
2.0,MAB_Contextual,satellite,III,0.002387976773783,0.0060708673361349,0.001,0.001,0.033099,0.001,6286,20260417_203324
2.0,MAB_Contextual,UAV,II,0.2064865530097087,0.1407087266472257,0.178168,0.001,0.349795,0.3479358,2575,20260417_203324
2.0,MAB_Contextual,UAV,III,0.0156090859903381,0.012337780201737,0.018564,0.001,0.033074,0.031088,8280,20260417_203324
2.0,MAB_Contextual,UAV,IV,0.385538345110087,0.2761128742716011,0.338031,0.001,0.669799,0.66808,1953,20260417_203324
2.0,MAB_Contextual,grid,II,0.001,2.1684043449710093e-19,0.001,0.001,0.001,0.001,5405,20260417_203324
2.0,MAB_Contextual,grid,III,0.001,4.336808689942019e-19,0.001,0.001,0.001,0.001,3720,20260417_203324
2.0,MAB_Contextual,grid,IV,0.001,2.1684043449710093e-19,0.001,0.001,0.001,0.001,3090,20260417_203324
2.0,MAB_Contextual_EnergyAware,satellite,I,1.5241501356907896,1.6097848155659311,0.001,0.001,3.229832,3.2281071,6080,20260417_215926
2.0,MAB_Contextual_EnergyAware,satellite,II,0.0041615301081505,0.0328504432983129,0.001,0.001,0.349508,0.001,29311,20260417_215926
2.0,MAB_Contextual_EnergyAware,satellite,III,0.0032070865098272,0.0075165981032823,0.001,0.001,0.032853,0.027853,6716,20260417_215926
2.0,MAB_Contextual_EnergyAware,UAV,II,0.2066013349339736,0.1380174153031357,0.178158,0.001,0.349829,0.3478165,2499,20260417_215926
2.0,MAB_Contextual_EnergyAware,UAV,III,0.0158156812564961,0.0117820811367105,0.018516,0.001,0.033067,0.0308311,8659,20260417_215926
2.0,MAB_Contextual_EnergyAware,UAV,IV,0.3653163914489311,0.2734829556150557,0.337438,0.001,0.669885,0.6677704,2105,20260417_215926
2.0,MAB_Contextual_EnergyAware,grid,II,0.001,2.1684043449710093e-19,0.001,0.001,0.001,0.001,5248,20260417_215926
2.0,MAB_Contextual_EnergyAware,grid,III,0.001,4.336808689942019e-19,0.001,0.001,0.001,0.001,3707,20260417_215926
2.0,MAB_Contextual_EnergyAware,grid,IV,0.001,2.1684043449710093e-19,0.001,0.001,0.001,0.001,2916,20260417_215926
2.0,Federated_MAB_EnergyAware,satellite,I,1.584981055430061,1.6120287001291735,0.001,0.001,3.22979,3.2281621,5755,20260417_232754
2.0,Federated_MAB_EnergyAware,satellite,II,0.0030998795647486,0.0268098954884677,0.001,0.001,0.349373,0.001,29684,20260417_232754
2.0,Federated_MAB_EnergyAware,satellite,III,0.0022232213638389,0.0057032200923517,0.001,0.001,0.033032,0.001,6731,20260417_232754
2.0,Federated_MAB_EnergyAware,UAV,II,0.2036618934959349,0.141065155520056,0.178,0.001,0.349865,0.34796775,2460,20260417_232754
2.0,Federated_MAB_EnergyAware,UAV,III,0.015364501446257,0.0121960089647639,0.018441,0.001,0.033186,0.0310495,8643,20260417_232754
2.0,Federated_MAB_EnergyAware,UAV,IV,0.3977759292929293,0.2728636383138277,0.33824,0.001,0.669763,0.667945,1881,20260417_232754
2.0,Federated_MAB_EnergyAware,grid,II,0.001,2.1684043449710093e-19,0.001,0.001,0.001,0.001,4867,20260417_232754
2.0,Federated_MAB_EnergyAware,grid,III,0.001,2.1684043449710093e-19,0.001,0.001,0.001,0.001,3353,20260417_232754
2.0,Federated_MAB_EnergyAware,grid,IV,0.001,2.1684043449710093e-19,0.001,0.001,0.001,0.001,2709,20260417_232754
2.0,Enhanced_Federated_MAB,satellite,I,3.2192403247431085,0.1425308842838777,3.225551,0.001,3.229947,3.228714,6131,20260418_004051
2.0,Enhanced_Federated_MAB,satellite,II,0.001,4.336808689942019e-19,0.001,0.001,0.001,0.001,28651,20260418_004051
2.0,Enhanced_Federated_MAB,satellite,III,0.001,4.336808689942019e-19,0.001,0.001,0.001,0.001,6656,20260418_004051
2.0,Enhanced_Federated_MAB,UAV,II,0.1767763517670156,0.1462438343261012,0.177147,0.001,0.349954,0.34764275,3056,20260418_004051
2.0,Enhanced_Federated_MAB,UAV,III,0.0157606045819014,0.0117389751392208,0.0185075,0.001,0.033115,0.03074555,8730,20260418_004051
2.0,Enhanced_Federated_MAB,UAV,IV,0.3393976550507278,0.2834593884538333,0.337123,0.001,0.669607,0.6676439999999999,2267,20260418_004051
2.0,Enhanced_Federated_MAB,grid,II,0.001,4.336808689942019e-19,0.001,0.001,0.001,0.001,6622,20260418_004051
2.0,Enhanced_Federated_MAB,grid,III,0.001,0.0,0.001,0.001,0.001,0.001,4293,20260418_004051
2.0,Enhanced_Federated_MAB,grid,IV,0.001,4.336808689942019e-19,0.001,0.001,0.001,0.001,3505,20260418_004051
2.0,Enhanced_Federated_MAB_EnergyAware,satellite,I,1.577987511765674,1.611887792724379,0.001,0.001,3.229875,3.2281036,6077,20260418_004408
2.0,Enhanced_Federated_MAB_EnergyAware,satellite,II,0.0019883876295578,0.0184208520801661,0.001,0.001,0.349138,0.001,26822,20260418_004408
2.0,Enhanced_Federated_MAB_EnergyAware,satellite,III,0.002751589193422,0.006775711776178,0.001,0.001,0.032959,0.0271223999999999,6385,20260418_004408
2.0,Enhanced_Federated_MAB_EnergyAware,UAV,II,0.1880163697761194,0.1441572498606453,0.17741,0.001,0.34986,0.3478283,2680,20260418_004408
2.0,Enhanced_Federated_MAB_EnergyAware,UAV,III,0.0154157544588321,0.0119968955507524,0.018435,0.001,0.033169,0.030947,8186,20260418_004408
2.0,Enhanced_Federated_MAB_EnergyAware,UAV,IV,0.3737913516129032,0.2668849426772353,0.3375485,0.001,0.669763,0.66783555,1860,20260418_004408
2.0,Enhanced_Federated_MAB_EnergyAware,grid,II,0.001,0.0,0.001,0.001,0.001,0.001,4632,20260418_004408
2.0,Enhanced_Federated_MAB_EnergyAware,grid,III,0.001,4.336808689942019e-19,0.001,0.001,0.001,0.001,3319,20260418_004408
2.0,Enhanced_Federated_MAB_EnergyAware,grid,IV,0.001,2.1684043449710093e-19,0.001,0.001,0.001,0.001,2716,20260418_004408
